WORD_ID,VOCAB_WORD
0,http
1,use
2,list
3,email
4,get
5,mail
6,one
7,free
8,time
9,work
10,messag
11,make
12,like
13,would
14,peopl
15,inform
16,new
17,receiv
18,pleas
19,address
20,busi
21,click
22,want
23,us
24,need
25,order
26,remov
27,also
28,go
29,send
30,year
31,money
32,file
33,compani
34,system
35,name
36,report
37,wrote
38,way
39,user
40,look
41,site
42,chang
43,day
44,know
45,state
46,program
47,may
48,see
49,call
50,could
51,group
52,even
53,think
54,includ
55,linux
56,first
57,offer
58,take
59,say
60,servic
61,right
62,world
63,tri
64,help
65,find
66,internet
67,market
68,product
69,mani
70,much
71,home
72,said
73,softwar
74,web
75,problem
76,date
77,line
78,spam
79,check
80,start
81,number
82,run
83,good
84,thing
85,link
86,well
87,subject
88,phone
89,interest
90,govern
91,person
92,provid
93,set
94,today
95,come
96,give
97,million
98,best
99,server
100,follow
101,back
102,form
103,rate
104,month
105,everi
106,secur
107,gener
108,price
109,url
110,still
111,comput
112,packag
113,instal
114,avail
115,sent
116,code
117,commun
118,life
119,version
120,read
121,sinc
122,ad
123,grant
124,maintain
125,sponsor
126,thank
127,network
128,two
129,credit
130,differ
131,without
132,made
133,develop
134,within
135,support
136,week
137,write
138,save
139,realli
140,case
141,page
142,subscript
143,someth
144,irish
145,current
146,un
147,last
148,anyon
149,onlin
150,complet
151,sure
152,requir
153,seem
154,card
155,build
156,custom
157,manag
158,never
159,de
160,ilug
161,better
162,window
163,special
164,keep
165,point
166,ca
167,place
168,search
169,per
170,anoth
171,found
172,access
173,actual
174,repli
175,result
176,contact
177,question
178,part
179,base
180,futur
181,listmast
182,issu
183,old
184,put
185,wish
186,next
187,long
188,let
189,countri
190,live
191,hour
192,must
193,end
194,invest
195,easi
196,process
197,mean
198,unsubscrib
199,lot
200,unit
201,great
202,got
203,guarante
204,nation
205,technolog
206,account
207,show
208,might
209,power
210,releas
211,legal
212,cost
213,data
214,allow
215,sourc
216,success
217,news
218,engin
219,possibl
220,trade
221,profession
222,idea
223,post
224,increas
225,ask
226,pay
227,advertis
228,public
229,error
230,open
231,test
232,websit
233,opportun
234,real
235,sell
236,ever
237,less
238,respons
239,insur
240,plan
241,design
242,tell
243,visit
244,creat
245,word
246,buy
247,howev
248,prefer
249,reason
250,heaven
251,someon
252,effect
253,aug
254,cd
255,sale
256,law
257,improv
258,applic
259,around
260,instead
261,fact
262,least
263,box
264,dollar
265,ye
266,rpm
267,american
268,fix
269,job
270,copi
271,probabl
272,simpl
273,cours
274,origin
275,believ
276,contain
277,fax
278,move
279,type
280,happen
281,though
282,friend
283,littl
284,total
285,financi
286,welcom
287,share
288,request
289,exampl
290,add
291,els
292,client
293,abl
294,format
295,perl
296,valu
297,anyth
298,alway
299,simpli
300,high
301,alreadi
302,protect
303,fill
304,full
305,cash
306,feel
307,mailto
308,directori
309,import
310,regard
311,bit
312,purchas
313,stop
314,licens
315,signatur
316,note
317,polici
318,intern
319,experi
320,answer
321,exist
322,return
323,updat
324,learn
325,past
326,famili
327,info
328,sep
329,top
330,geek
331,ship
332,becom
333,age
334,act
335,instruct
336,lead
337,drive
338,small
339,suppli
340,control
341,second
342,databas
343,member
344,select
345,low
346,thousand
347,recent
348,incom
349,featur
350,citi
351,etc
352,stuff
353,minut
354,limit
355,industri
356,sever
357,turn
358,done
359,yet
360,appli
361,folder
362,tool
363,continu
364,understand
365,c
366,detail
367,guid
368,noth
369,everyth
370,step
371,exmh
372,oper
373,notic
374,enough
375,big
376,claim
377,sign
378,care
379,e
380,letter
381,caus
382,univers
383,larg
384,key
385,three
386,hard
387,thinkgeek
388,other
389,connect
390,bill
391,record
392,discuss
393,accept
394,thu
395,term
396,specif
397,pgp
398,via
399,offic
400,play
401,option
402,talk
403,text
404,america
405,mayb
406,direct
407,immedi
408,deal
409,download
410,major
411,seen
412,hope
413,forc
414,subscrib
415,comment
416,kind
417,thought
418,individu
419,decid
420,rule
421,plu
422,lose
423,log
424,natur
425,method
426,matter
427,true
428,risk
429,either
430,rememb
431,yahoo
432,assist
433,content
434,present
435,rather
436,quot
437,mime
438,away
439,wait
440,r
441,bank
442,kernel
443,fund
444,hand
445,local
446,project
447,secret
448,hundr
449,loan
450,matthia
451,level
452,train
453,corpor
454,consid
455,research
456,razor
457,area
458,forward
459,book
460,august
461,addit
462,root
463,stori
464,polit
465,machin
466,bad
467,standard
468,target
469,benefit
470,war
471,entir
472,quit
473,suggest
474,appear
475,document
476,copyright
477,presid
478,global
479,bodi
480,author
481,bug
482,posit
483,often
484,expect
485,center
486,mind
487,distribut
488,human
489,juli
490,septemb
491,grow
492,ago
493,jul
494,qualiti
495,hit
496,size
497,trust
498,partner
499,easili
500,absolut
501,island
502,pm
503,love
504,agent
505,whether
506,join
507,activ
508,given
509,b
510,collect
511,involv
512,solut
513,happi
514,amount
515,associ
516,fast
517,domain
518,charg
519,promot
520,man
521,whole
522,dvd
523,sort
524,earn
525,far
526,later
527,parti
528,fork
529,feder
530,hi
531,submit
532,upon
533,mortgag
534,potenti
535,meet
536,wed
537,refer
538,wrong
539,nice
540,enter
541,tm
542,load
543,econom
544,john
545,social
546,transact
547,wonder
548,singl
549,almost
550,publish
551,discov
552,red
553,reach
554,everyon
555,close
556,view
557,fail
558,pass
559,execut
560,sound
561,depend
562,privat
563,perform
564,profit
565,women
566,broadcast
567,attack
568,newslett
569,automat
570,paid
571,relat
572,effort
573,statement
574,contract
575,mark
576,delet
577,media
578,foreign
579,begin
580,compil
581,final
582,sequenc
583,miss
584,regist
585,spamassassin
586,bush
587,x
588,cell
589,figur
590,stock
591,handl
592,command
593,header
594,locat
595,similar
596,action
597,tuesday
598,game
599,display
600,pick
601,templ
602,transfer
603,wo
604,hat
605,disk
606,digit
607,produc
608,chri
609,soon
610,event
611,known
612,track
613,print
614,articl
615,longer
616,tax
617,properti
618,function
619,pretti
620,mention
621,toner
622,store
623,men
624,commiss
625,dear
626,default
627,pc
628,debt
629,hous
630,oblig
631,respect
632,microsoft
633,upgrad
634,sun
635,script
636,organ
637,due
638,imag
639,bulk
640,enenkio
641,administr
642,payment
643,weight
644,along
645,health
646,daili
647,freedom
648,practic
649,net
650,bonu
651,offici
652,billion
653,worth
654,usa
655,half
656,capit
657,propos
658,cartridg
659,strategi
660,resourc
661,came
662,languag
663,anyway
664,leav
665,late
666,concern
667,exactli
668,platform
669,remain
670,clear
671,street
672,html
673,devic
674,assum
675,car
676,lost
677,la
678,ok
679,review
680,tire
681,ignor
682,head
683,interact
684,tue
685,n
686,respond
687,hear
688,went
689,tablet
690,deliv
691,taken
692,independ
693,perhap
694,bring
695,configur
696,clean
697,compar
698,qualifi
699,averag
700,press
701,space
702,watch
703,fine
704,invok
705,recommend
706,school
707,retail
708,short
709,expens
710,fee
711,memori
712,field
713,host
714,enabl
715,fall
716,membership
717,consult
718,guess
719,huge
720,suit
721,usual
722,extrem
723,xml
724,edit
725,choos
726,common
727,advantag
728,except
729,agre
730,warn
731,en
732,port
733,materi
734,region
735,normal
736,educ
737,side
738,abil
739,announc
740,fri
741,basic
742,item
743,although
744,guy
745,told
746,five
747,cheer
748,paper
749,dream
750,le
751,drop
752,spend
753,growth
754,hold
755,vulner
756,main
757,readi
758,model
759,electron
760,replac
761,win
762,confidenti
763,left
764,face
765,unseen
766,interfac
767,studi
768,loss
769,altern
770,mon
771,reserv
772,accord
773,kingdom
774,safe
775,intend
776,choic
777,approv
778,implement
779,histori
780,rest
781,id
782,multipl
783,oz
784,situat
785,commerci
786,extra
787,moment
788,combin
789,chanc
790,investig
791,insid
792,togeth
793,quick
794,employ
795,section
796,coupl
797,purpos
798,initi
799,pictur
800,advanc
801,goe
802,confirm
803,msg
804,court
805,break
806,avoid
807,j
808,monday
809,unless
810,util
811,across
812,particular
813,fals
814,burn
815,object
816,energi
817,express
818,score
819,video
820,et
821,male
822,india
823,societi
824,indic
825,owner
826,took
827,count
828,p
829,sens
830,filter
831,directli
832,agenc
833,correct
834,speed
835,anywher
836,profil
837,variou
838,die
839,four
840,procedur
841,gpl
842,black
843,uniqu
844,period
845,match
846,cut
847,ventur
848,especi
849,seek
850,piec
851,sex
852,consum
853,kevin
854,spammer
855,whatev
856,behalf
857,investor
858,certain
859,color
860,explain
861,setup
862,adam
863,knowledg
864,popul
865,class
866,oh
867,tip
868,latest
869,gain
870,remot
871,dagga
872,unison
873,militari
874,atol
875,block
876,ftp
877,unix
878,lawrenc
879,gari
880,south
881,marshal
882,googl
883,tv
884,patch
885,switch
886,valuabl
887,smoke
888,establish
889,shop
890,team
891,aaaaaaaaaaaaaaaaaaaaaaaaaaaaaaaaaaaaaaaaaaaaaaaaaaaaaaaaaaaaaaaaaaaaaaaaaaaa
892,imagin
893,ragga
894,java
895,prevent
896,integr
897,robert
898,attempt
899,third
900,prepar
901,boot
902,will
903,folk
904,privaci
905,particip
906,heard
907,sometim
908,manual
909,necessari
910,hardwar
911,sorri
912,screen
913,york
914,reduc
915,bottl
916,tag
917,congress
918,saou
919,night
920,fastest
921,sa
922,certainli
923,china
924,backup
925,valid
926,enjoy
927,stand
928,suppos
929,depart
930,cover
931,mass
932,obtain
933,seriou
934,regul
935,alb
936,driver
937,goal
938,path
939,competit
940,amaz
941,botan
942,lower
943,capabl
944,promis
945,land
946,h
947,speak
948,fulli
949,medic
950,poor
951,deathtospamdeathtospamdeathtospam
952,traffic
953,scienc
954,introduc
955,apolog
956,lowest
957,extend
958,describ
959,defin
960,movi
961,paul
962,titl
963,troubl
964,neg
965,film
966,exchang
967,cv
968,easier
969,f
970,rang
971,sender
972,os
973,wireless
974,osdn
975,decis
976,approach
977,technic
978,death
979,six
980,earli
981,murphi
982,predict
983,redhat
984,fat
985,fortun
986,quickli
987,white
988,beberg
989,written
990,commit
991,telephon
992,king
993,im
994,kill
995,worri
996,sold
997,music
998,michael
999,seventh
1000,uk
1001,ham
1002,mobil
1003,apt
1004,firm
1005,judgment
1006,north
1007,ensur
1008,economi
1009,opinion
1010,desir
1011,premium
1012,father
1013,attach
1014,librari
1015,player
1016,faster
1017,definit
1018,appar
1019,adult
1020,button
1021,archiv
1022,achiev
1023,argument
1024,techniqu
1025,separ
1026,travel
1027,enterpris
1028,bar
1029,demand
1030,threat
1031,cooper
1032,board
1033,deserv
1034,browser
1035,condit
1036,anim
1037,outsid
1038,hello
1039,modul
1040,estat
1041,attent
1042,dave
1043,stay
1044,david
1045,enhanc
1046,terrorist
1047,wide
1048,elimin
1049,wall
1050,determin
1051,children
1052,drug
1053,virtual
1054,repres
1055,expert
1056,pain
1057,cabl
1058,declar
1059,monthli
1060,gnupg
1061,kid
1062,sincer
1063,washington
1064,modifi
1065,environ
1066,held
1067,fun
1068,permiss
1069,danger
1070,signific
1071,relev
1072,iii
1073,g
1074,confid
1075,w
1076,l
1077,programm
1078,canada
1079,cat
1080,rich
1081,diet
1082,sum
1083,air
1084,none
1085,exclus
1086,equip
1087,cc
1088,forev
1089,proven
1090,popular
1091,justin
1092,excel
1093,bottom
1094,bitbitch
1095,central
1096,expand
1097,usd
1098,paragraph
1099,string
1100,friday
1101,skip
1102,factor
1103,sexual
1104,centuri
1105,monitor
1106,relationship
1107,near
1108,anybodi
1109,identifi
1110,challeng
1111,asset
1112,excit
1113,toward
1114,director
1115,behind
1116,terror
1117,appreci
1118,exercis
1119,confer
1120,girl
1121,perfect
1122,among
1123,progress
1124,defens
1125,rh
1126,rais
1127,unsolicit
1128,whose
1129,discoveri
1130,citizen
1131,rel
1132,west
1133,thread
1134,hettinga
1135,difficult
1136,road
1137,sampl
1138,fit
1139,intellig
1140,colleg
1141,entri
1142,partit
1143,spain
1144,photo
1145,illeg
1146,lender
1147,strong
1148,serv
1149,william
1150,confus
1151,chief
1152,seri
1153,octob
1154,tie
1155,solv
1156,acquir
1157,earth
1158,reader
1159,stupid
1160,refin
1161,tree
1162,largest
1163,smart
1164,verifi
1165,instant
1166,european
1167,fair
1168,measur
1169,mode
1170,san
1171,french
1172,extract
1173,peac
1174,built
1175,equival
1176,sweet
1177,regular
1178,slow
1179,laptop
1180,conveni
1181,reliabl
1182,resid
1183,procmail
1184,mac
1185,oct
1186,lock
1187,categori
1188,datapow
1189,dead
1190,tradit
1191,suse
1192,brian
1193,inlin
1194,graphic
1195,tim
1196,front
1197,warranti
1198,africa
1199,deliveri
1200,cach
1201,ident
1202,leader
1203,europ
1204,voic
1205,ten
1206,pattern
1207,capillari
1208,realiz
1209,useless
1210,annuiti
1211,femal
1212,emerg
1213,evid
1214,occur
1215,gnu
1216,art
1217,fire
1218,desktop
1219,compat
1220,statu
1221,campaign
1222,therefor
1223,gift
1224,cultur
1225,young
1226,abus
1227,institut
1228,concept
1229,higher
1230,herba
1231,revenu
1232,previous
1233,satellit
1234,physic
1235,brand
1236,aid
1237,launch
1238,thursday
1239,deposit
1240,inde
1241,convers
1242,june
1243,walk
1244,contribut
1245,ms
1246,otherwis
1247,degre
1248,concentr
1249,roll
1250,nigeria
1251,doubt
1252,former
1253,indian
1254,weapon
1255,honor
1256,wife
1257,arriv
1258,classifi
1259,compet
1260,forget
1261,unlimit
1262,carri
1263,echo
1264,background
1265,repositori
1266,pacif
1267,yeah
1268,critic
1269,conflict
1270,fight
1271,recipi
1272,token
1273,listen
1274,affili
1275,extens
1276,percent
1277,tech
1278,sat
1279,powel
1280,discount
1281,unfortun
1282,storag
1283,app
1284,isp
1285,password
1286,surpris
1287,detect
1288,assur
1289,hot
1290,sleep
1291,basi
1292,hermio
1293,sit
1294,water
1295,succeed
1296,jabber
1297,civil
1298,effici
1299,output
1300,substanti
1301,panel
1302,alsa
1303,garrigu
1304,printer
1305,intro
1306,kept
1307,descript
1308,light
1309,pull
1310,proprietari
1311,attract
1312,jm
1313,inc
1314,menu
1315,catch
1316,scan
1317,mine
1318,ip
1319,worldwid
1320,tabl
1321,enemi
1322,god
1323,advic
1324,v
1325,index
1326,truth
1327,pudg
1328,revers
1329,disabl
1330,wednesday
1331,saw
1332,nobodi
1333,joe
1334,agreement
1335,seven
1336,euro
1337,vendor
1338,manufactur
1339,patent
1340,structur
1341,gone
1342,analysi
1343,franc
1344,lack
1345,alon
1346,balanc
1347,room
1348,decad
1349,jame
1350,cool
1351,vote
1352,k
1353,morn
1354,specifi
1355,teach
1356,obvious
1357,awar
1358,boston
1359,wast
1360,charact
1361,gold
1362,california
1363,whitelist
1364,editor
1365,zip
1366,construct
1367,polic
1368,treat
1369,innov
1370,trick
1371,ga
1372,financ
1373,temperatur
1374,u
1375,clue
1376,journal
1377,theori
1378,highli
1379,insert
1380,tom
1381,career
1382,spec
1383,afford
1384,int
1385,son
1386,flag
1387,encourag
1388,gcc
1389,incred
1390,middl
1391,impress
1392,ultim
1393,constitut
1394,touch
1395,greater
1396,ebay
1397,peni
1398,attorney
1399,cent
1400,correspond
1401,anymor
1402,usag
1403,brain
1404,trial
1405,larger
1406,summari
1407,mechan
1408,blank
1409,master
1410,previou
1411,jim
1412,blood
1413,hp
1414,annual
1415,boy
1416,input
1417,dan
1418,greg
1419,wake
1420,mother
1421,cbyi
1422,suffer
1423,el
1424,democrat
1425,urgent
1426,stream
1427,hate
1428,mike
1429,pound
1430,focu
1431,cheap
1432,perman
1433,advis
1434,underwrit
1435,skeptic
1436,suspect
1437,flow
1438,php
1439,varieti
1440,particularli
1441,star
1442,mostli
1443,speech
1444,judg
1445,smtp
1446,instanc
1447,obviou
1448,behavior
1449,dynam
1450,wealth
1451,mistak
1452,vacat
1453,percentag
1454,delay
1455,warm
1456,toni
1457,destruct
1458,eye
1459,earlier
1460,super
1461,comfort
1462,dark
1463,republ
1464,binari
1465,keyboard
1466,laserjet
1467,mailer
1468,ban
1469,woman
1470,ireland
1471,reveal
1472,arm
1473,rock
1474,affect
1475,termin
1476,firewal
1477,telecom
1478,channel
1479,rick
1480,rss
1481,char
1482,essenti
1483,knew
1484,heart
1485,steve
1486,motiv
1487,english
1488,se
1489,tend
1490,consolid
1491,prospect
1492,principl
1493,floppi
1494,vipul
1495,consist
1496,alli
1497,btw
1498,skill
1499,domest
1500,recogn
1501,highlight
1502,prompt
1503,estim
1504,wing
1505,beta
1506,core
1507,pack
1508,style
1509,lawyer
1510,opt
1511,lifetim
1512,dell
1513,pipe
1514,nearli
1515,gnome
1516,bonus
1517,invit
1518,eventu
1519,magazin
1520,somewher
1521,defend
1522,unlik
1523,role
1524,fl
1525,beat
1526,vehicl
1527,planta
1528,comprehens
1529,ftoc
1530,task
1531,sensit
1532,staff
1533,babi
1534,despit
1535,modem
1536,roman
1537,clearli
1538,histor
1539,hair
1540,restor
1541,march
1542,food
1543,map
1544,eat
1545,pocket
1546,python
1547,audio
1548,teledynam
1549,modern
1550,dn
1551,biggest
1552,ground
1553,picasso
1554,complianc
1555,strongli
1556,impact
1557,eval
1558,fresh
1559,convert
1560,favor
1561,suck
1562,commentari
1563,strength
1564,bind
1565,revis
1566,mlm
1567,dragon
1568,british
1569,config
1570,peter
1571,interview
1572,shown
1573,minimum
1574,conserv
1575,coverag
1576,senior
1577,met
1578,exploit
1579,mailbox
1580,spot
1581,mile
1582,dont
1583,employe
1584,liber
1585,doctor
1586,stabl
1587,equal
1588,permit
1589,gave
1590,truli
1591,everybodi
1592,beyond
1593,texa
1594,protocol
1595,font
1596,failur
1597,instantli
1598,tape
1599,consider
1600,reli
1601,q
1602,visa
1603,signal
1604,brought
1605,optim
1606,synchron
1607,auto
1608,typic
1609,tx
1610,dial
1611,exact
1612,revok
1613,calcul
1614,draw
1615,distanc
1616,al
1617,expir
1618,startup
1619,worst
1620,geeg
1621,translat
1622,chines
1623,variabl
1624,proper
1625,crash
1626,led
1627,showcas
1628,extern
1629,favorit
1630,yesterday
1631,boss
1632,spent
1633,neighbor
1634,hidden
1635,prove
1636,finish
1637,plant
1638,crimin
1639,annoy
1640,stylu
1641,broker
1642,evil
1643,imposs
1644,acknowledg
1645,feet
1646,pop
1647,bigger
1648,sir
1649,rare
1650,foundat
1651,netscap
1652,ran
1653,retriev
1654,artist
1655,sole
1656,bearer
1657,z
1658,repair
1659,strang
1660,sport
1661,scientist
1662,rob
1663,poverti
1664,evalu
1665,hell
1666,properli
1667,equiti
1668,guidelin
1669,autom
1670,beauti
1671,safeti
1672,edward
1673,portion
1674,rebuild
1675,hack
1676,england
1677,somebodi
1678,planet
1679,hotel
1680,serious
1681,correctli
1682,explor
1683,jump
1684,gentl
1685,spread
1686,antiqu
1687,push
1688,scheme
1689,lie
1690,strip
1691,climat
1692,chicago
1693,hire
1694,summer
1695,restrict
1696,bell
1697,ii
1698,station
1699,minor
1700,prescript
1701,iiu
1702,sunday
1703,diseas
1704,radio
1705,entertain
1706,currenc
1707,vou
1708,becam
1709,student
1710,recruit
1711,headlin
1712,para
1713,primari
1714,fundament
1715,lo
1716,epson
1717,threaten
1718,mount
1719,shape
1720,seed
1721,recal
1722,happier
1723,proxi
1724,hang
1725,protest
1726,craig
1727,mainten
1728,laser
1729,resum
1730,merchant
1731,herb
1732,damag
1733,spamd
1734,husband
1735,architectur
1736,exit
1737,feroc
1738,disclaim
1739,prioriti
1740,sendmail
1741,viagra
1742,stick
1743,doubl
1744,corpu
1745,buyer
1746,muscl
1747,plug
1748,remedi
1749,settlement
1750,vast
1751,van
1752,reg
1753,creativ
1754,fantasi
1755,prior
1756,camera
1757,hall
1758,western
1759,laugh
1760,ticket
1761,ssh
1762,moor
1763,green
1764,somehow
1765,faith
1766,disappear
1767,luck
1768,feedback
1769,wors
1770,georg
1771,angl
1772,dozen
1773,oil
1774,symbol
1775,bother
1776,batteri
1777,hormon
1778,feed
1779,pour
1780,seminar
1781,usb
1782,aspect
1783,anonym
1784,reject
1785,child
1786,tel
1787,norton
1788,realiti
1789,kathmandu
1790,supplement
1791,broken
1792,convent
1793,shot
1794,eugen
1795,perfectli
1796,argu
1797,parent
1798,substanc
1799,arrang
1800,appeal
1801,doc
1802,committe
1803,allianc
1804,shall
1805,encrypt
1806,democraci
1807,acceler
1808,entrepreneur
1809,authent
1810,mozilla
1811,convinc
1812,phrase
1813,shock
1814,sponsorship
1815,electr
1816,legitim
1817,statist
1818,funni
1819,random
1820,neither
1821,serial
1822,observ
1823,park
1824,à
1825,slightli
1826,edificio
1827,meant
1828,highest
1829,door
1830,hey
1831,queri
1832,appropri
1833,strictli
1834,resolv
1835,nort
1836,award
1837,refund
1838,barcelona
1839,solari
1840,merg
1841,ie
1842,east
1843,frame
1844,auction
1845,edg
1846,empir
1847,fear
1848,hunt
1849,damn
1850,tomorrow
1851,stabil
1852,volum
1853,kelli
1854,aphrodisia
1855,smaller
1856,capac
1857,surviv
1858,repeat
1859,union
1860,carrier
1861,lesson
1862,pressur
1863,daniel
1864,survey
1865,postal
1866,bear
1867,farquhar
1868,alter
1869,owen
1870,arrest
1871,bought
1872,pablo
1873,odd
1874,trip
1875,amend
1876,weekend
1877,te
1878,herbal
1879,twice
1880,declin
1881,virus
1882,mr
1883,strike
1884,mason
1885,aggress
1886,fairli
1887,banner
1888,promiscu
1889,gmt
1890,race
1891,cancel
1892,prosaka
1893,compon
1894,zero
1895,duplic
1896,welch
1897,exclud
1898,cold
1899,januari
1900,violat
1901,easiest
1902,testimoni
1903,ah
1904,complain
1905,appl
1906,licenc
1907,nt
1908,winner
1909,harm
1910,inbox
1911,ratio
1912,pill
1913,spray
1914,vari
1915,deni
1916,viru
1917,blog
1918,formula
1919,genet
1920,scam
1921,debian
1922,mirror
1923,audienc
1924,bandwidth
1925,hmm
1926,round
1927,nativ
1928,farm
1929,presum
1930,md
1931,bunch
1932,mh
1933,honest
1934,reduct
1935,algorithm
1936,iraq
1937,split
1938,label
1939,possess
1940,compens
1941,analyst
1942,club
1943,precis
1944,vjestika
1945,brief
1946,bankruptci
1947,gay
1948,sea
1949,reboot
1950,martin
1951,partnership
1952,approxim
1953,renew
1954,austin
1955,gibbon
1956,elsewher
1957,â
1958,tab
1959,invent
1960,porn
1961,roger
1962,saturday
1963,plugin
1964,msgid
1965,weekli
1966,grand
1967,processor
1968,mous
1969,lift
1970,dramat
1971,gordon
1972,deploy
1973,buffer
1974,massiv
1975,blue
1976,envelop
1977,reward
1978,that
1979,millionair
1980,inspir
1981,nvidia
1982,infrastructur
1983,ibm
1984,fuck
1985,engag
1986,agreeabl
1987,religion
1988,rohit
1989,adopt
1990,flash
1991,apart
1992,environment
1993,prohibit
1994,retir
1995,anytim
1996,cancer
1997,complex
1998,sm
1999,ps
2000,aol
2001,collabor
2002,writer
2003,empti
2004,dig
2005,inconveni
2006,satisfi
2007,assembl
2008,northern
2009,harley
2010,shell
2011,ministri
2012,african
2013,cycl
2014,conduct
2015,plenti
2016,length
2017,thoma
2018,schedul
2019,solicit
2020,justic
2021,distro
2022,encount
2023,swap
2024,experienc
2025,self
2026,rose
2027,bound
2028,mere
2029,img
2030,began
2031,own
2032,farmer
2033,enforc
2034,acquisit
2035,clock
2036,rout
2037,duncan
2038,onto
2039,henc
2040,candid
2041,excess
2042,newspap
2043,throw
2044,guido
2045,registr
2046,demonstr
2047,pointer
2048,conclud
2049,russian
2050,homeown
2051,prosper
2052,evolv
2053,wholesal
2054,liter
2055,televis
2056,london
2057,elect
2058,deep
2059,attend
2060,scale
2061,domin
2062,grab
2063,kate
2064,famou
2065,transform
2066,straight
2067,minim
2068,chat
2069,oppos
2070,colleagu
2071,buck
2072,receipt
2073,rank
2074,hors
2075,lawsuit
2076,niall
2077,glad
2078,murder
2079,christian
2080,boost
2081,mix
2082,toll
2083,wave
2084,unabl
2085,preserv
2086,context
2087,co
2088,blame
2089,da
2090,valhalla
2091,attain
2092,routin
2093,crime
2094,entiti
2095,assert
2096,loop
2097,remark
2098,resel
2099,russia
2100,religi
2101,corrupt
2102,skin
2103,proof
2104,numer
2105,asia
2106,abacha
2107,moral
2108,vircio
2109,mathemat
2110,tune
2111,paypal
2112,passphras
2113,brent
2114,destroy
2115,webmast
2116,tast
2117,marshalles
2118,replica
2119,habea
2120,forest
2121,accur
2122,icq
2123,scientif
2124,inkjet
2125,glm
2126,newsgroup
2127,ben
2128,formal
2129,mountain
2130,column
2131,null
2132,bless
2133,rise
2134,regardless
2135,bu
2136,sheet
2137,hash
2138,frequent
2139,heavi
2140,victim
2141,joseph
2142,visitor
2143,chart
2144,jar
2145,throughout
2146,embed
2147,brother
2148,hint
2149,yield
2150,na
2151,yellow
2152,song
2153,po
2154,town
2155,bay
2156,mess
2157,limbo
2158,aim
2159,incompat
2160,logic
2161,classic
2162,consequ
2163,pure
2164,amateur
2165,drink
2166,remind
2167,labor
2168,chip
2169,pro
2170,branch
2171,freebsd
2172,dog
2173,trace
2174,opposit
2175,pars
2176,exhibit
2177,export
2178,negoti
2179,coast
2180,syntax
2181,adapt
2182,il
2183,smoker
2184,ladi
2185,que
2186,assign
2187,crap
2188,est
2189,decemb
2190,focus
2191,satisfact
2192,gambl
2193,joke
2194,prize
2195,topic
2196,exceed
2197,privileg
2198,imho
2199,worker
2200,spamtrap
2201,spirit
2202,felt
2203,violenc
2204,batch
2205,cheaper
2206,byte
2207,vice
2208,stamp
2209,incorpor
2210,pursu
2211,complic
2212,circumst
2213,pa
2214,tremend
2215,appoint
2216,battl
2217,lib
2218,stage
2219,fan
2220,specialist
2221,moder
2222,alan
2223,trivial
2224,okay
2225,riaa
2226,airlin
2227,goto
2228,kit
2229,older
2230,chairman
2231,sur
2232,boundari
2233,bet
2234,intel
2235,affair
2236,alert
2237,strengthen
2238,struggl
2239,loos
2240,keyword
2241,caught
2242,compel
2243,gather
2244,sophist
2245,dublin
2246,unwant
2247,unknown
2248,ui
2249,lover
2250,compress
2251,liberti
2252,entitl
2253,jodi
2254,truck
2255,admit
2256,florida
2257,muslim
2258,pioneer
2259,margin
2260,ved
2261,wear
2262,ahead
2263,britain
2264,australia
2265,trend
2266,surfac
2267,hole
2268,airport
2269,ideal
2270,album
2271,penni
2272,mastercard
2273,sector
2274,transmiss
2275,owe
2276,disclosur
2277,belief
2278,ownership
2279,mplayer
2280,overal
2281,dice
2282,suffici
2283,maximum
2284,palestinian
2285,marri
2286,encod
2287,lay
2288,relay
2289,maker
2290,adjust
2291,stephen
2292,refus
2293,assumpt
2294,pickl
2295,timeout
2296,majesti
2297,weak
2298,ice
2299,msn
2300,stress
2301,weather
2302,wa
2303,dump
2304,scott
2305,reform
2306,tin
2307,jack
2308,outlook
2309,raw
2310,wealthi
2311,influenc
2312,propag
2313,captur
2314,finger
2315,sentenc
2316,curv
2317,magic
2318,chain
2319,portabl
2320,egg
2321,ne
2322,schuman
2323,debug
2324,hawaii
2325,heck
2326,crack
2327,spring
2328,silli
2329,dinosaur
2330,submiss
2331,vision
2332,session
2333,whatsoev
2334,frustrat
2335,patrick
2336,admin
2337,astronom
2338,bone
2339,retain
2340,endeavor
2341,holiday
2342,depress
2343,lilo
2344,ou
2345,mandat
2346,trademark
2347,explan
2348,weird
2349,shout
2350,catalog
2351,settl
2352,unusu
2353,intellectu
2354,rapidli
2355,besid
2356,bomb
2357,casino
2358,circl
2359,speaker
2360,inexpens
2361,fli
2362,scratch
2363,minist
2364,randomli
2365,corner
2366,movement
2367,mysql
2368,api
2369,rah
2370,tower
2371,belong
2372,buri
2373,ram
2374,virginia
2375,latter
2376,ethic
2377,gpg
2378,hospit
2379,outstand
2380,spambay
2381,ar
2382,hacker
2383,francisco
2384,intent
2385,du
2386,formul
2387,ez
2388,preced
2389,fuel
2390,ton
2391,scholarship
2392,tivo
2393,prob
2394,recognit
2395,constant
2396,celebr
2397,ir
2398,joint
2399,theme
2400,pentium
2401,lean
2402,snore
2403,twenti
2404,organis
2405,iroijlaplap
2406,necessarili
2407,thirti
2408,plane
2409,abandon
2410,jeremi
2411,xxx
2412,igtt
2413,hide
2414,ce
2415,proceed
2416,greatest
2417,expos
2418,germani
2419,openssl
2420,draft
2421,german
2422,arg
2423,richard
2424,framework
2425,element
2426,es
2427,une
2428,wild
2429,tweak
2430,forum
2431,conclus
2432,fp
2433,armi
2434,bsd
2435,dr
2436,harvest
2437,relax
2438,jurisdict
2439,japan
2440,recov
2441,openssh
2442,maxim
2443,marriag
2444,greet
2445,season
2446,telecommun
2447,con
2448,bond
2449,asian
2450,boom
2451,everywher
2452,freez
2453,zone
2454,leas
2455,till
2456,scenario
2457,milter
2458,tobacco
2459,commerc
2460,pci
2461,hook
2462,ximian
2463,trader
2464,advisor
2465,elig
2466,murjel
2467,scope
2468,shoot
2469,burner
2470,raid
2471,invalid
2472,pleasur
2473,ratak
2474,quarter
2475,magnitud
2476,fashion
2477,mutual
2478,council
2479,flight
2480,capitalist
2481,notifi
2482,rm
2483,dedic
2484,crazi
2485,subsequ
2486,anthoni
2487,contest
2488,layer
2489,angel
2490,maxaman
2491,potent
2492,distributor
2493,decreas
2494,bob
2495,render
2496,inch
2497,palm
2498,combat
2499,fake
